{
	"lemma_Cnt": 255,
	"lemma_TTR": 0.41605839416058393,
	"CL_TTR": 0.5797101449275363,
	"NL_TTR": 0.6129032258064516,
	"NN_TTR": 0.6140350877192983,
	"NNG_TTR": 0.7045454545454546,
	"NNP_TTR": 0,
	"NNB_TTR": 0.3076923076923077,
	"NP_TTR": 0.6,
	"NR_TTR": 0,
	"VL_TTR": 0.55,
	"VV_TTR": 0.7931034482758621,
	"VA_TTR": 0.3333333333333333,
	"ML_TTR": 0.5625,
	"MM_TTR": 0,
	"MA_TTR": 0.5625,
	"MAJ_TTR": 0.6,
	"IC_TTR": 0,
	"FL_TTR": 0.28695652173913044,
	"J_TTR": 0.2765957446808511,
	"E_TTR": 0.3548387096774194,
	"X_TTR": 0.16666666666666666,
	"lemma_RTTR": 6.886991863964018,
	"CL_RTTR": 6.810052246069989,
	"NL_RTTR": 4.826004826007239,
	"NN_RTTR": 4.635863249727653,
	"NNG_RTTR": 4.673425840955336,
	"NNP_RTTR": 0,
	"NNB_RTTR": 1.1094003924504583,
	"NP_RTTR": 1.3416407864998738,
	"NR_RTTR": 0,
	"VL_RTTR": 4.260281680828158,
	"VV_RTTR": 4.270992778072193,
	"VA_RTTR": 1.6329931618554523,
	"ML_RTTR": 2.25,
	"MM_RTTR": 0,
	"MA_RTTR": 2.25,
	"MAJ_RTTR": 1.3416407864998738,
	"IC_RTTR": 0,
	"FL_RTTR": 3.0772658671930357,
	"J_RTTR": 1.8962448894726294,
	"E_RTTR": 2.794002794004191,
	"X_RTTR": 0.4082482904638631,
	"lemma_CTTR": 4.869838648985537,
	"CL_CTTR": 4.815434123430768,
	"NL_CTTR": 3.412500738508723,
	"NN_CTTR": 3.2780503405359287,
	"NNG_CTTR": 3.3046111035119616,
	"NNP_CTTR": 0,
	"NNB_CTTR": 0.7844645405527362,
	"NP_CTTR": 0.9486832980505138,
	"NR_CTTR": 0,
	"VL_CTTR": 3.0124740662784135,
	"VV_CTTR": 3.020047955773619,
	"VA_CTTR": 1.1547005383792517,
	"ML_CTTR": 1.590990257669732,
	"MM_CTTR": 0,
	"MA_CTTR": 1.590990257669732,
	"MAJ_CTTR": 0.9486832980505138,
	"IC_CTTR": 0,
	"FL_CTTR": 2.175955562206097,
	"J_CTTR": 1.3408476201364314,
	"E_CTTR": 1.975658322294524,
	"X_CTTR": 0.2886751345948129,
	"lemma_MSTTR": 0.74,
	"CL_MSTTR": 0.8200000000000001,
	"NL_MSTTR": 0.68,
	"NN_MSTTR": 0.68,
	"NNG_MSTTR": 0.7045454545454546,
	"NNP_MSTTR": 0,
	"NNB_MSTTR": 0.3076923076923077,
	"NP_MSTTR": 0.6,
	"NR_MSTTR": 0,
	"VL_MSTTR": 0.64,
	"VV_MSTTR": 0.7931034482758621,
	"VA_MSTTR": 0.3333333333333333,
	"ML_MSTTR": 0.5625,
	"MM_MSTTR": 0,
	"MA_MSTTR": 0.5625,
	"MAJ_MSTTR": 0.6,
	"IC_MSTTR": 0,
	"FL_MSTTR": 0.41000000000000003,
	"J_MSTTR": 0.2765957446808511,
	"E_MSTTR": 0.34,
	"X_MSTTR": 0.16666666666666666,
	"lemma_MATTR": 0.7209777777777772,
	"CL_MATTR": 0.7370786516853935,
	"NL_MATTR": 0.6784615384615387,
	"NN_MATTR": 0.665,
	"NNG_MATTR": 0.7045454545454546,
	"NNP_MATTR": 0,
	"NNB_MATTR": 0.3076923076923077,
	"NP_MATTR": 0.6,
	"NR_MATTR": 0,
	"VL_MATTR": 0.5836363636363638,
	"VV_MATTR": 0.7931034482758621,
	"VA_MATTR": 0.3333333333333333,
	"ML_MATTR": 0.5625,
	"MM_MATTR": 0,
	"MA_MATTR": 0.5625,
	"MAJ_MATTR": 0.6,
	"IC_MATTR": 0,
	"FL_MATTR": 0.4233333333333338,
	"J_MATTR": 0.2765957446808511,
	"E_MATTR": 0.3569230769230769,
	"X_MATTR": 0.16666666666666666,
	"lemma_MTLD": 50.348005908419495,
	"CL_MTLD": 40.410692588092346,
	"NL_MTLD": 20.267059612804296,
	"NN_MTLD": 18.54416394589552,
	"NNG_MTLD": 33.527196870925685,
	"NNP_MTLD": 0.0,
	"NNB_MTLD": 9.467391304347826,
	"NP_MTLD": 3.5,
	"NR_MTLD": 0.0,
	"VL_MTLD": 19.354327589621708,
	"VV_MTLD": 39.24666666666668,
	"VA_MTLD": 10.148148148148149,
	"ML_MTLD": 8.667099286177807,
	"MM_MTLD": 0.0,
	"MA_MTLD": 8.667099286177807,
	"MAJ_MTLD": 3.5,
	"IC_MTLD": 0.0,
	"FL_MTLD": 19.711876832844574,
	"J_MTLD": 9.361788617886178,
	"E_MTLD": 13.351500024233026,
	"X_MTLD": 2.0160000000000005,
	"lemma_VOCDD": 48.18797615605492,
	"CL_VOCDD": 51.61150143814439,
	"NL_VOCDD": 28.61745265474883,
	"NN_VOCDD": 26.0139769653918,
	"NNG_VOCDD": 0,
	"NNP_VOCDD": 0,
	"NNB_VOCDD": 0,
	"NP_VOCDD": 0,
	"NR_VOCDD": 0,
	"VL_VOCDD": 19.432403860967852,
	"VV_VOCDD": 0,
	"VA_VOCDD": 0,
	"ML_VOCDD": 0,
	"MM_VOCDD": 0,
	"MA_VOCDD": 0,
	"MAJ_VOCDD": 0,
	"IC_VOCDD": 0,
	"FL_VOCDD": 10.389173820508825,
	"J_VOCDD": 0,
	"E_VOCDD": 6.80253848920957,
	"X_VOCDD": 0,
	"lemma_HDD": 0.7529856586497581,
	"CL_HDD": 0.7626723408550756,
	"NL_HDD": 0.6707592649135147,
	"NN_HDD": 0.6539220628919422,
	"NNG_HDD": 0.7109886237793213,
	"NNP_HDD": 0.0,
	"NNB_HDD": 0.0,
	"NP_HDD": 0.0,
	"NR_HDD": 0.0,
	"VL_HDD": 0.6047595208237413,
	"VV_HDD": 0.0,
	"VA_HDD": 0.0,
	"ML_HDD": 0.0,
	"MM_HDD": 0.0,
	"MA_HDD": 0.0,
	"MAJ_HDD": 0.0,
	"IC_HDD": 0.0,
	"FL_HDD": 0.4982399199957783,
	"J_HDD": 0.2964039452863324,
	"E_HDD": 0.43038904007529877,
	"X_HDD": 0.0,
	"avgSentSimilarity": 0.12313013523817062,
	"topicConsistency": 0.5146,
	"adjacent_sentence_overlap_all_lemmas": 183,
	"adjacent_sentence_overlap_all_lemmas_normed": 16,
	"binary_adjacent_sentence_overlap_all_lemmas": 16,
	"adjacent_two_sentence_overlap_all_lemmas": 143,
	"adjacent_two_sentence_overlap_all_lemmas_normed": 15,
	"binary_adjacent_two_sentence_overlap_all_lemmas": 15,
	"adjacent_sentence_overlap_content_lemmas": 97,
	"adjacent_sentence_overlap_content_lemmas_normed": 16,
	"binary_adjacent_sentence_overlap_content_lemmas": 10,
	"adjacent_two_sentence_overlap_content_lemmas": 77,
	"adjacent_two_sentence_overlap_content_lemmas_normed": 15,
	"binary_adjacent_two_sentence_overlap_content_lemmas": 7,
	"adjacent_sentence_overlap_function_lemmas": 66,
	"adjacent_sentence_overlap_function_lemmas_normed": 16,
	"binary_adjacent_sentence_overlap_function_lemmas": 13,
	"adjacent_two_sentence_overlap_function_lemmas": 49,
	"adjacent_two_sentence_overlap_function_lemmas_normed": 15,
	"binary_adjacent_two_sentence_overlap_function_lemmas": 11,
	"adjacent_sentence_overlap_noun_lemmas": 48,
	"adjacent_sentence_overlap_noun_lemmas_normed": 15,
	"binary_adjacent_sentence_overlap_noun_lemmas": 8,
	"adjacent_two_sentence_overlap_noun_lemmas": 37,
	"adjacent_two_sentence_overlap_noun_lemmas_normed": 14,
	"binary_adjacent_two_sentence_overlap_noun_lemmas": 3,
	"adjacent_sentence_overlap_verb_lemmas": 45,
	"adjacent_sentence_overlap_verb_lemmas_normed": 16,
	"binary_adjacent_sentence_overlap_verb_lemmas": 7,
	"adjacent_two_sentence_overlap_verb_lemmas": 39,
	"adjacent_two_sentence_overlap_verb_lemmas_normed": 15,
	"binary_adjacent_two_sentence_overlap_verb_lemmas": 5,
	"adjacent_sentence_overlap_adjective_lemmas": 19,
	"adjacent_sentence_overlap_adjective_lemmas_normed": 10,
	"binary_adjacent_sentence_overlap_adjective_lemmas": 6,
	"adjacent_two_sentence_overlap_adjective_lemmas": 16,
	"adjacent_two_sentence_overlap_adjective_lemmas_normed": 8,
	"binary_adjacent_two_sentence_overlap_adjective_lemmas": 5,
	"adjacent_sentence_overlap_adverb_lemmas": 7,
	"adjacent_sentence_overlap_adverb_lemmas_normed": 6,
	"binary_adjacent_sentence_overlap_adverb_lemmas": 3,
	"adjacent_two_sentence_overlap_adverb_lemmas": 2,
	"adjacent_two_sentence_overlap_adverb_lemmas_normed": 3,
	"binary_adjacent_two_sentence_overlap_adverb_lemmas": 1,
	"para_Cnt": 1,
	"sentence_Cnt": 17,
	"word_Cnt": 103,
	"morph_Cnt": 274,
	"char_Cnt": 440,
	"CL_Cnt": 138,
	"NL_Cnt": 62,
	"NN_Cnt": 57,
	"NNG_Cnt": 44,
	"NNP_Cnt": 0,
	"NNB_Cnt": 13,
	"NP_Cnt": 5,
	"NP_People_Cnt": 2,
	"NP_Things_Cnt": 3,
	"NR_Cnt": 0,
	"VL_Cnt": 60,
	"VV_Cnt": 29,
	"VA_Cnt": 24,
	"VX_Cnt": 6,
	"VCP_Cnt": 1,
	"VCN_Cnt": 0,
	"ML_Cnt": 16,
	"MA_Cnt": 0,
	"MM_Cnt": 0,
	"FL_Cnt": 115,
	"J_Cnt": 47,
	"E_Cnt": 62,
	"X_Cnt": 6,
	"IC_Cnt": 0,
	"CL_Den": 0.5036496350364964,
	"FL_Den": 0.4197080291970803,
	"NL_Den": 0.20802919708029197,
	"NNGL_Den": 0.16058394160583941,
	"NNPL_Den": 0.0,
	"NNBL_Den": 0.04744525547445255,
	"NPL_Den": 0.01824817518248175,
	"NML_Den": 0.0,
	"VL_Den": 0.21897810218978103,
	"VVL_Den": 0.10583941605839416,
	"VAL_Den": 0.08759124087591241,
	"ML_Den": 0.058394160583941604,
	"MML_Den": 0.0,
	"MAL_Den": 0.0,
	"JL_Den": 0.17153284671532848,
	"EL_Den": 0.22627737226277372,
	"XL_Den": 0.021897810218978103,
	"ITL_Den": 0.0,
	"NCL_Den": 0.41304347826086957,
	"NNCL_Den": 0.3188405797101449,
	"NNGCL_Den": 0.0,
	"NNBCL_Den": 0.09420289855072464,